Workbook

Sheet diabetes
A1: Pregnancies | B1: Glucose | C1: BloodPressure | D1: SkinThickness | E1: Insulin | F1: BMI | G1: DiabetesPedigreeFunction | H1: Age | I1: Outcome
A2: 6 | B2: 148 | C2: 72 | D2: 35 | E2: 0 | F2: 33.6 | G2: 0.627 | H2: 50 | I2: 1
A3: 1 | B3: 85 | C3: 66 | D3: 29 | E3: 0 | F3: 26.6 | G3: 0.351 | H3: 31 | I3: 0
A4: 8 | B4: 183 | C4: 64 | D4: 0 | E4: 0 | F4: 23.3 | G4: 0.672 | H4: 32 | I4: 1
A5: 1 | B5: 89 | C5: 66 | D5: 23 | E5: 94 | F5: 28.1 | G5: 0.167 | H5: 21 | I5: 0
A6: 0 | B6: 137 | C6: 40 | D6: 35 | E6: 168 | F6: 43.1 | G6: 2.288 | H6: 33 | I6: 1
A7: 5 | B7: 116 | C7: 74 | D7: 0 | E7: 0 | F7: 25.6 | G7: 0.201 | H7: 30 | I7: 0
A8: 3 | B8: 78 | C8: 50 | D8: 32 | E8: 88 | F8: 31 | G8: 0.248 | H8: 26 | I8: 1
A9: 10 | B9: 115 | C9: 0 | D9: 0 | E9: 0 | F9: 35.3 | G9: 0.134 | H9: 29 | I9: 0
A10: 2 | B10: 197 | C10: 70 | D10: 45 | E10: 543 | F10: 30.5 | G10: 0.158 | H10: 53 | I10: 1
A11: 8 | B11: 125 | C11: 96 | D11: 0 | E11: 0 | F11: 0 | G11: 0.232 | H11: 54 | I11: 1
A12: 4 | B12: 110 | C12: 92 | D12: 0 | E12: 0 | F12: 37.6 | G12: 0.191 | H12: 30 | I12: 0
A13: 10 | B13: 168 | C13: 74 | D13: 0 | E13: 0 | F13: 38 | G13: 0.537 | H13: 34 | I13: 1
... A769: 1 | B769: 93 | C769: 70 | D769: 31 | E769: 0 | F769: 30.4 | G769: 0.315 | H769: 23 | I769: 0

Sheet Testing
A1: Pregnancies | B1: Glucose | C1: BloodPressure | D1: SkinThickness | E1: Insulin | F1: BMI | G1: DiabetesPedigreeFunction | H1: Age | I1: Outcome | J1: NORMALISASI | K1: Pregnancies | L1: Glucose | M1: BloodPressure | N1: SkinThickness | O1: Insulin | P1: BMI | Q1: DiabetesPedigreeFunction | R1: Age | S1: HASILNYAAA | T1: PREDICTED | V1: CM
A2: 6 | B2: 148 | C2: 72 | D2: 35 | E2: 0 | F2: 33.6 | G2: 0.627 | H2: 50 | I2: 1 | K2: =(A2-0)/(17-0) -> 0.35294118 | L2: =(B2-0)/(199-0) -> 0.74371859 | M2: =(C2-0)/(122-0) -> 0.59016393 | N2: =(D2-0)/(99-0) -> 0.35353535 | O2: =(E2-0)/(846-0) -> 0 | P2: =(F2-0)/(67.1-0) -> 0.50074516 | Q2: =(G2-0.078)/(2.42-0.078) -> 0.23441503 | R2: =(H2-21)/(81-21) -> 0.48333333 | T2: {=_xlfn.LET( _xlpm.dist, SQRT(MMULT((Training!$K$2:$R$616 - K2:R2)^2, _xlfn.SEQUENCE(8,1,1,0))), _xlpm.sorted, _xlfn.SORTBY(Training!$I$2:$I$616, _xlpm.dist, 1), _xlfn.MODE.SNGL(INDEX(_xlpm.sorted, {1,2,3})) )} -> 1 | U2: =IF(T2=I2, "COCOK", "TIDAK") -> COCOK | V2: =IF(AND(T2=1,I2=1),"TP",IF(AND(T2=0,I2=0),"TN",IF(AND(T2=1,I2=0),"FP","FN"))) -> TP
A3: 1 | B3: 85 | C3: 66 | D3: 29 | E3: 0 | F3: 26.6 | G3: 0.351 | H3: 31 | I3: 0 | K3: =(A3-0)/(17-0) -> 0.058823529 | L3: =(B3-0)/(199-0) -> 0.42713568 | M3: =(C3-0)/(122-0) -> 0.54098361 | N3: =(D3-0)/(99-0) -> 0.29292929 | O3: =(E3-0)/(846-0) -> 0 | P3: =(F3-0)/(67.1-0) -> 0.39642325 | Q3: =(G3-0.078)/(2.42-0.078) -> 0.11656704 | R3: =(H3-21)/(81-21) -> 0.16666667 | T3: {=_xlfn.LET( _xlpm.dist, SQRT(MMULT((Training!$K$2:$R$616 - K3:R3)^2, _xlfn.SEQUENCE(8,1,1,0))), _xlpm.sorted, _xlfn.SORTBY(Training!$I$2:$I$616, _xlpm.dist, 1), _xlfn.MODE.SNGL(INDEX(_xlpm.sorted, {1,2,3})) )} -> 0 | U3: =IF(T3=I3, "COCOK", "TIDAK") -> COCOK | V3: =IF(AND(T3=1,I3=1),"TP",IF(AND(T3=0,I3=0),"TN",IF(AND(T3=1,I3=0),"FP","FN"))) -> TN | Y3: TP= | Z3: 32
A4: 8 | B4: 183 | C4: 64 | D4: 0 | E4: 0 | F4: 23.3 | G4: 0.672 | H4: 32 | I4: 1 | K4: =(A4-0)/(17-0) -> 0.47058824 | L4: =(B4-0)/(199-0) -> 0.91959799 | M4: =(C4-0)/(122-0) -> 0.52459016 | N4: =(D4-0)/(99-0) -> 0 | O4: =(E4-0)/(846-0) -> 0 | P4: =(F4-0)/(67.1-0) -> 0.34724292 | Q4: =(G4-0.078)/(2.42-0.078) -> 0.25362938 | R4: =(H4-21)/(81-21) -> 0.18333333 | T4: {=_xlfn.LET( _xlpm.dist, SQRT(MMULT((Training!$K$2:$R$616 - K4:R4)^2, _xlfn.SEQUENCE(8,1,1,0))), _xlpm.sorted, _xlfn.SORTBY(Training!$I$2:$I$616, _xlpm.dist, 1), _xlfn.MODE.SNGL(INDEX(_xlpm.sorted, {1,2,3})) )} -> 1 | U4: =IF(T4=I4, "COCOK", "TIDAK") -> COCOK | V4: =IF(AND(T4=1,I4=1),"TP",IF(AND(T4=0,I4=0),"TN",IF(AND(T4=1,I4=0),"FP","FN"))) -> TP | Y4: TN= | Z4: 84
A5: 1 | B5: 89 | C5: 66 | D5: 23 | E5: 94 | F5: 28.1 | G5: 0.167 | H5: 21 | I5: 0 | K5: =(A5-0)/(17-0) -> 0.058823529 | L5: =(B5-0)/(199-0) -> 0.44723618 | M5: =(C5-0)/(122-0) -> 0.54098361 | N5: =(D5-0)/(99-0) -> 0.23232323 | O5: =(E5-0)/(846-0) -> 0.11111111 | P5: =(F5-0)/(67.1-0) -> 0.41877794 | Q5: =(G5-0.078)/(2.42-0.078) -> 0.038001708 | R5: =(H5-21)/(81-21) -> 0 | T5: {=_xlfn.LET( _xlpm.dist, SQRT(MMULT((Training!$K$2:$R$616 - K5:R5)^2, _xlfn.SEQUENCE(8,1,1,0))), _xlpm.sorted, _xlfn.SORTBY(Training!$I$2:$I$616, _xlpm.dist, 1), _xlfn.MODE.SNGL(INDEX(_xlpm.sorted, {1,2,3})) )} -> 0 | U5: =IF(T5=I5, "COCOK", "TIDAK") -> COCOK | V5: =IF(AND(T5=1,I5=1),"TP",IF(AND(T5=0,I5=0),"TN",IF(AND(T5=1,I5=0),"FP","FN"))) -> TN | Y5: FP= | Z5: 15
A6: 0 | B6: 137 | C6: 40 | D6: 35 | E6: 168 | F6: 43.1 | G6: 2.288 | H6: 33 | I6: 1 | K6: =(A6-0)/(17-0) -> 0 | L6: =(B6-0)/(199-0) -> 0.68844221 | M6: =(C6-0)/(122-0) -> 0.32786885 | N6: =(D6-0)/(99-0) -> 0.35353535 | O6: =(E6-0)/(846-0) -> 0.19858156 | P6: =(F6-0)/(67.1-0) -> 0.64232489 | Q6: =(G6-0.078)/(2.42-0.078) -> 0.94363792 | R6: =(H6-21)/(81-21) -> 0.2 | T6: {=_xlfn.LET( _xlpm.dist, SQRT(MMULT((Training!$K$2:$R$616 - K6:R6)^2, _xlfn.SEQUENCE(8,1,1,0))), _xlpm.sorted, _xlfn.SORTBY(Training!$I$2:$I$616, _xlpm.dist, 1), _xlfn.MODE.SNGL(INDEX(_xlpm.sorted, {1,2,3})) )} -> 0 | U6: =IF(T6=I6, "COCOK", "TIDAK") -> TIDAK | V6: =IF(AND(T6=1,I6=1),"TP",IF(AND(T6=0,I6=0),"TN",IF(AND(T6=1,I6=0),"FP","FN"))) -> FN | Y6: FN= | Z6: 22
A7: 5 | B7: 116 | C7: 74 | D7: 0 | E7: 0 | F7: 25.6 | G7: 0.201 | H7: 30 | I7: 0 | K7: =(A7-0)/(17-0) -> 0.29411765 | L7: =(B7-0)/(199-0) -> 0.58291457 | M7: =(C7-0)/(122-0) -> 0.60655738 | N7: =(D7-0)/(99-0) -> 0 | O7: =(E7-0)/(846-0) -> 0 | P7: =(F7-0)/(67.1-0) -> 0.38152012 | Q7: =(G7-0.078)/(2.42-0.078) -> 0.052519214 | R7: =(H7-21)/(81-21) -> 0.15 | T7: {=_xlfn.LET( _xlpm.dist, SQRT(MMULT((Training!$K$2:$R$616 - K7:R7)^2, _xlfn.SEQUENCE(8,1,1,0))), _xlpm.sorted, _xlfn.SORTBY(Training!$I$2:$I$616, _xlpm.dist, 1), _xlfn.MODE.SNGL(INDEX(_xlpm.sorted, {1,2,3})) )} -> 0 | U7: =IF(T7=I7, "COCOK", "TIDAK") -> COCOK | V7: =IF(AND(T7=1,I7=1),"TP",IF(AND(T7=0,I7=0),"TN",IF(AND(T7=1,I7=0),"FP","FN"))) -> TN | Z7: =Z3+Z4+Z5+Z6 -> 153
A8: 3 | B8: 78 | C8: 50 | D8: 32 | E8: 88 | F8: 31 | G8: 0.248 | H8: 26 | I8: 1 | K8: =(A8-0)/(17-0) -> 0.17647059 | L8: =(B8-0)/(199-0) -> 0.3919598 | M8: =(C8-0)/(122-0) -> 0.40983607 | N8: =(D8-0)/(99-0) -> 0.32323232 | O8: =(E8-0)/(846-0) -> 0.10401891 | P8: =(F8-0)/(67.1-0) -> 0.46199702 | Q8: =(G8-0.078)/(2.42-0.078) -> 0.072587532 | R8: =(H8-21)/(81-21) -> 0.083333333 | T8: {=_xlfn.LET( _xlpm.dist, SQRT(MMULT((Training!$K$2:$R$616 - K8:R8)^2, _xlfn.SEQUENCE(8,1,1,0))), _xlpm.sorted, _xlfn.SORTBY(Training!$I$2:$I$616, _xlpm.dist, 1), _xlfn.MODE.SNGL(INDEX(_xlpm.sorted, {1,2,3})) )} -> 0 | U8: =IF(T8=I8, "COCOK", "TIDAK") -> TIDAK | V8: =IF(AND(T8=1,I8=1),"TP",IF(AND(T8=0,I8=0),"TN",IF(AND(T8=1,I8=0),"FP","FN"))) -> FN
A9: 10 | B9: 115 | C9: 0 | D9: 0 | E9: 0 | F9: 35.3 | G9: 0.134 | H9: 29 | I9: 0 | K9: =(A9-0)/(17-0) -> 0.58823529 | L9: =(B9-0)/(199-0) -> 0.57788945 | M9: =(C9-0)/(122-0) -> 0 | N9: =(D9-0)/(99-0) -> 0 | O9: =(E9-0)/(846-0) -> 0 | P9: =(F9-0)/(67.1-0) -> 0.52608048 | Q9: =(G9-0.078)/(2.42-0.078) -> 0.023911187 | R9: =(H9-21)/(81-21) -> 0.13333333 | T9: {=_xlfn.LET( _xlpm.dist, SQRT(MMULT((Training!$K$2:$R$616 - K9:R9)^2, _xlfn.SEQUENCE(8,1,1,0))), _xlpm.sorted, _xlfn.SORTBY(Training!$I$2:$I$616, _xlpm.dist, 1), _xlfn.MODE.SNGL(INDEX(_xlpm.sorted, {1,2,3})) )} -> 0 | U9: =IF(T9=I9, "COCOK", "TIDAK") -> COCOK | V9: =IF(AND(T9=1,I9=1),"TP",IF(AND(T9=0,I9=0),"TN",IF(AND(T9=1,I9=0),"FP","FN"))) -> TN | Y9: ACCURACY | Z9: =((Z3+Z4)/(Z3+Z4+Z5+Z6)) -> 0.75816993
A10: 2 | B10: 197 | C10: 70 | D10: 45 | E10: 543 | F10: 30.5 | G10: 0.158 | H10: 53 | I10: 1 | K10: =(A10-0)/(17-0) -> 0.11764706 | L10: =(B10-0)/(199-0) -> 0.98994975 | M10: =(C10-0)/(122-0) -> 0.57377049 | N10: =(D10-0)/(99-0) -> 0.45454545 | O10: =(E10-0)/(846-0) -> 0.64184397 | P10: =(F10-0)/(67.1-0) -> 0.45454545 | Q10: =(G10-0.078)/(2.42-0.078) -> 0.034158839 | R10: =(H10-21)/(81-21) -> 0.53333333 | T10: {=_xlfn.LET( _xlpm.dist, SQRT(MMULT((Training!$K$2:$R$616 - K10:R10)^2, _xlfn.SEQUENCE(8,1,1,0))), _xlpm.sorted, _xlfn.SORTBY(Training!$I$2:$I$616, _xlpm.dist, 1), _xlfn.MODE.SNGL(INDEX(_xlpm.sorted, {1,2,3})) )} -> 1 | U10: =IF(T10=I10, "COCOK", "TIDAK") -> COCOK | V10: =IF(AND(T10=1,I10=1),"TP",IF(AND(T10=0,I10=0),"TN",IF(AND(T10=1,I10=0),"FP","FN"))) -> TP | Y10: PRECISSION | Z10: =(Z3/(Z3+Z5)) -> 0.68085106
A11: 8 | B11: 125 | C11: 96 | D11: 0 | E11: 0 | F11: 0 | G11: 0.232 | H11: 54 | I11: 1 | K11: =(A11-0)/(17-0) -> 0.47058824 | L11: =(B11-0)/(199-0) -> 0.6281407 | M11: =(C11-0)/(122-0) -> 0.78688525 | N11: =(D11-0)/(99-0) -> 0 | O11: =(E11-0)/(846-0) -> 0 | P11: =(F11-0)/(67.1-0) -> 0 | Q11: =(G11-0.078)/(2.42-0.078) -> 0.065755764 | R11: =(H11-21)/(81-21) -> 0.55 | T11: {=_xlfn.LET( _xlpm.dist, SQRT(MMULT((Training!$K$2:$R$616 - K11:R11)^2, _xlfn.SEQUENCE(8,1,1,0))), _xlpm.sorted, _xlfn.SORTBY(Training!$I$2:$I$616, _xlpm.dist, 1), _xlfn.MODE.SNGL(INDEX(_xlpm.sorted, {1,2,3})) )} -> 0 | U11: =IF(T11=I11, "COCOK", "TIDAK") -> TIDAK | V11: =IF(AND(T11=1,I11=1),"TP",IF(AND(T11=0,I11=0),"TN",IF(AND(T11=1,I11=0),"FP","FN"))) -> FN | Y11: RECAL | Z11: =(Z3/(Z3+Z6)) -> 0.59259259
A12: 4 | B12: 110 | C12: 92 | D12: 0 | E12: 0 | F12: 37.6 | G12: 0.191 | H12: 30 | I12: 0 | K12: =(A12-0)/(17-0) -> 0.23529412 | L12: =(B12-0)/(199-0) -> 0.55276382 | M12: =(C12-0)/(122-0) -> 0.75409836 | N12: =(D12-0)/(99-0) -> 0 | O12: =(E12-0)/(846-0) -> 0 | P12: =(F12-0)/(67.1-0) -> 0.56035768 | Q12: =(G12-0.078)/(2.42-0.078) -> 0.04824936 | R12: =(H12-21)/(81-21) -> 0.15 | T12: {=_xlfn.LET( _xlpm.dist, SQRT(MMULT((Training!$K$2:$R$616 - K12:R12)^2, _xlfn.SEQUENCE(8,1,1,0))), _xlpm.sorted, _xlfn.SORTBY(Training!$I$2:$I$616, _xlpm.dist, 1), _xlfn.MODE.SNGL(INDEX(_xlpm.sorted, {1,2,3})) )} -> 0 | U12: =IF(T12=I12, "COCOK", "TIDAK") -> COCOK | V12: =IF(AND(T12=1,I12=1),"TP",IF(AND(T12=0,I12=0),"TN",IF(AND(T12=1,I12=0),"FP","FN"))) -> TN | Y12: F1 SCORE | Z12: =(2*(Z10*Z11)/(Z10+Z11)) -> 0.63366337
A13: 10 | B13: 168 | C13: 74 | D13: 0 | E13: 0 | F13: 38 | G13: 0.537 | H13: 34 | I13: 1 | K13: =(A13-0)/(17-0) -> 0.58823529 | L13: =(B13-0)/(199-0) -> 0.84422111 | M13: =(C13-0)/(122-0) -> 0.60655738 | N13: =(D13-0)/(99-0) -> 0 | O13: =(E13-0)/(846-0) -> 0 | P13: =(F13-0)/(67.1-0) -> 0.56631893 | Q13: =(G13-0.078)/(2.42-0.078) -> 0.19598634 | R13: =(H13-21)/(81-21) -> 0.21666667 | T13: {=_xlfn.LET( _xlpm.dist, SQRT(MMULT((Training!$K$2:$R$616 - K13:R13)^2, _xlfn.SEQUENCE(8,1,1,0))), _xlpm.sorted, _xlfn.SORTBY(Training!$I$2:$I$616, _xlpm.dist, 1), _xlfn.MODE.SNGL(INDEX(_xlpm.sorted, {1,2,3})) )} -> 1 | U13: =IF(T13=I13, "COCOK", "TIDAK") -> COCOK | V13: =IF(AND(T13=1,I13=1),"TP",IF(AND(T13=0,I13=0),"TN",IF(AND(T13=1,I13=0),"FP","FN"))) -> TP
A14: 10 | B14: 139 | C14: 80 | D14: 0 | E14: 0 | F14: 27.1 | G14: 1.441 | H14: 57 | I14: 0 | K14: =(A14-0)/(17-0) -> 0.58823529 | L14: =(B14-0)/(199-0) -> 0.69849246 | M14: =(C14-0)/(122-0) -> 0.6557377 | N14: =(D14-0)/(99-0) -> 0 | O14: =(E14-0)/(846-0) -> 0 | P14: =(F14-0)/(67.1-0) -> 0.40387481 | Q14: =(G14-0.078)/(2.42-0.078) -> 0.58198121 | R14: =(H14-21)/(81-21) -> 0.6 | T14: {=_xlfn.LET( _xlpm.dist, SQRT(MMULT((Training!$K$2:$R$616 - K14:R14)^2, _xlfn.SEQUENCE(8,1,1,0))), _xlpm.sorted, _xlfn.SORTBY(Training!$I$2:$I$616, _xlpm.dist, 1), _xlfn.MODE.SNGL(INDEX(_xlpm.sorted, {1,2,3})) )} -> 0 | U14: =IF(T14=I14, "COCOK", "TIDAK") -> COCOK | V14: =IF(AND(T14=1,I14=1),"TP",IF(AND(T14=0,I14=0),"TN",IF(AND(T14=1,I14=0),"FP","FN"))) -> TN
A15: 1 | B15: 189 | C15: 60 | D15: 23 | E15: 846 | F15: 30.1 | G15: 0.398 | H15: 59 | I15: 1 | K15: =(A15-0)/(17-0) -> 0.058823529 | L15: =(B15-0)/(199-0) -> 0.94974874 | M15: =(C15-0)/(122-0) -> 0.49180328 | N15: =(D15-0)/(99-0) -> 0.23232323 | O15: =(E15-0)/(846-0) -> 1 | P15: =(F15-0)/(67.1-0) -> 0.4485842 | Q15: =(G15-0.078)/(2.42-0.078) -> 0.13663535 | R15: =(H15-21)/(81-21) -> 0.63333333 | T15: {=_xlfn.LET( _xlpm.dist, SQRT(MMULT((Training!$K$2:$R$616 - K15:R15)^2, _xlfn.SEQUENCE(8,1,1,0))), _xlpm.sorted, _xlfn.SORTBY(Training!$I$2:$I$616, _xlpm.dist, 1), _xlfn.MODE.SNGL(INDEX(_xlpm.sorted, {1,2,3})) )} -> 1 | U15: =IF(T15=I15, "COCOK", "TIDAK") -> COCOK | V15: =IF(AND(T15=1,I15=1),"TP",IF(AND(T15=0,I15=0),"TN",IF(AND(T15=1,I15=0),"FP","FN"))) -> TP
A16: 5 | B16: 166 | C16: 72 | D16: 19 | E16: 175 | F16: 25.8 | G16: 0.587 | H16: 51 | I16: 1 | K16: =(A16-0)/(17-0) -> 0.29411765 | L16: =(B16-0)/(199-0) -> 0.83417085 | M16: =(C16-0)/(122-0) -> 0.59016393 | N16: =(D16-0)/(99-0) -> 0.19191919 | O16: =(E16-0)/(846-0) -> 0.20685579 | P16: =(F16-0)/(67.1-0) -> 0.38450075 | Q16: =(G16-0.078)/(2.42-0.078) -> 0.21733561 | R16: =(H16-21)/(81-21) -> 0.5 | T16: {=_xlfn.LET( _xlpm.dist, SQRT(MMULT((Training!$K$2:$R$616 - K16:R16)^2, _xlfn.SEQUENCE(8,1,1,0))), _xlpm.sorted, _xlfn.SORTBY(Training!$I$2:$I$616, _xlpm.dist, 1), _xlfn.MODE.SNGL(INDEX(_xlpm.sorted, {1,2,3})) )} -> 0 | U16: =IF(T16=I16, "COCOK", "TIDAK") -> TIDAK | V16: =IF(AND(T16=1,I16=1),"TP",IF(AND(T16=0,I16=0),"TN",IF(AND(T16=1,I16=0),"FP","FN"))) -> FN
A17: 7 | B17: 100 | C17: 0 | D17: 0 | E17: 0 | F17: 30 | G17: 0.484 | H17: 32 | I17: 1 | K17: =(A17-0)/(17-0) -> 0.41176471 | L17: =(B17-0)/(199-0) -> 0.50251256 | M17: =(C17-0)/(122-0) -> 0 | N17: =(D17-0)/(99-0) -> 0 | O17: =(E17-0)/(846-0) -> 0 | P17: =(F17-0)/(67.1-0) -> 0.44709389 | Q17: =(G17-0.078)/(2.42-0.078) -> 0.17335611 | R17: =(H17-21)/(81-21) -> 0.18333333 | T17: {=_xlfn.LET( _xlpm.dist, SQRT(MMULT((Training!$K$2:$R$616 - K17:R17)^2, _xlfn.SEQUENCE(8,1,1,0))), _xlpm.sorted, _xlfn.SORTBY(Training!$I$2:$I$616, _xlpm.dist, 1), _xlfn.MODE.SNGL(INDEX(_xlpm.sorted, {1,2,3})) )} -> 0 | U17: =IF(T17=I17, "COCOK", "TIDAK") -> TIDAK | V17: =IF(AND(T17=1,I17=1),"TP",IF(AND(T17=0,I17=0),"TN",IF(AND(T17=1,I17=0),"FP","FN"))) -> FN
A18: 0 | B18: 118 | C18: 84 | D18: 47 | E18: 230 | F18: 45.8 | G18: 0.551 | H18: 31 | I18: 1 | K18: =(A18-0)/(17-0) -> 0 | L18: =(B18-0)/(199-0) -> 0.59296482 | M18: =(C18-0)/(122-0) -> 0.68852459 | N18: =(D18-0)/(99-0) -> 0.47474747 | O18: =(E18-0)/(846-0) -> 0.27186761 | P18: =(F18-0)/(67.1-0) -> 0.68256334 | Q18: =(G18-0.078)/(2.42-0.078) -> 0.20196413 | R18: =(H18-21)/(81-21) -> 0.16666667 | T18: {=_xlfn.LET( _xlpm.dist, SQRT(MMULT((Training!$K$2:$R$616 - K18:R18)^2, _xlfn.SEQUENCE(8,1,1,0))), _xlpm.sorted, _xlfn.SORTBY(Training!$I$2:$I$616, _xlpm.dist, 1), _xlfn.MODE.SNGL(INDEX(_xlpm.sorted, {1,2,3})) )} -> 0 | U18: =IF(T18=I18, "COCOK", "TIDAK") -> TIDAK | V18: =IF(AND(T18=1,I18=1),"TP",IF(AND(T18=0,I18=0),"TN",IF(AND(T18=1,I18=0),"FP","FN"))) -> FN
A19: 7 | B19: 107 | C19: 74 | D19: 0 | E19: 0 | F19: 29.6 | G19: 0.254 | H19: 31 | I19: 1 | K19: =(A19-0)/(17-0) -> 0.41176471 | L19: =(B19-0)/(199-0) -> 0.53768844 | M19: =(C19-0)/(122-0) -> 0.60655738 | N19: =(D19-0)/(99-0) -> 0 | O19: =(E19-0)/(846-0) -> 0 | P19: =(F19-0)/(67.1-0) -> 0.44113264 | Q19: =(G19-0.078)/(2.42-0.078) -> 0.075149445 | R19: =(H19-21)/(81-21) -> 0.16666667 | T19: {=_xlfn.LET( _xlpm.dist, SQRT(MMULT((Training!$K$2:$R$616 - K19:R19)^2, _xlfn.SEQUENCE(8,1,1,0))), _xlpm.sorted, _xlfn.SORTBY(Training!$I$2:$I$616, _xlpm.dist, 1), _xlfn.MODE.SNGL(INDEX(_xlpm.sorted, {1,2,3})) )} -> 1 | U19: =IF(T19=I19, "COCOK", "TIDAK") -> COCOK | V19: =IF(AND(T19=1,I19=1),"TP",IF(AND(T19=0,I19=0),"TN",IF(AND(T19=1,I19=0),"FP","FN"))) -> TP
A20: 1 | B20: 103 | C20: 30 | D20: 38 | E20: 83 | F20: 43.3 | G20: 0.183 | H20: 33 | I20: 0 | K20: =(A20-0)/(17-0) -> 0.058823529 | L20: =(B20-0)/(199-0) -> 0.51758794 | M20: =(C20-0)/(122-0) -> 0.24590164 | N20: =(D20-0)/(99-0) -> 0.38383838 | O20: =(E20-0)/(846-0) -> 0.098108747 | P20: =(F20-0)/(67.1-0) -> 0.64530551 | Q20: =(G20-0.078)/(2.42-0.078) -> 0.044833476 | R20: =(H20-21)/(81-21) -> 0.2 | T20: {=_xlfn.LET( _xlpm.dist, SQRT(MMULT((Training!$K$2:$R$616 - K20:R20)^2, _xlfn.SEQUENCE(8,1,1,0))), _xlpm.sorted, _xlfn.SORTBY(Training!$I$2:$I$616, _xlpm.dist, 1), _xlfn.MODE.SNGL(INDEX(_xlpm.sorted, {1,2,3})) )} -> 0 | U20: =IF(T20=I20, "COCOK", "TIDAK") -> COCOK | V20: =IF(AND(T20=1,I20=1),"TP",IF(AND(T20=0,I20=0),"TN",IF(AND(T20=1,I20=0),"FP","FN"))) -> TN
A21: 1 | B21: 115 | C21: 70 | D21: 30 | E21: 96 | F21: 34.6 | G21: 0.529 | H21: 32 | I21: 1 | K21: =(A21-0)/(17-0) -> 0.058823529 | L21: =(B21-0)/(199-0) -> 0.57788945 | M21: =(C21-0)/(122-0) -> 0.57377049 | N21: =(D21-0)/(99-0) -> 0.3030303 | O21: =(E21-0)/(846-0) -> 0.11347518 | P21: =(F21-0)/(67.1-0) -> 0.51564829 | Q21: =(G21-0.078)/(2.42-0.078) -> 0.19257045 | R21: =(H21-21)/(81-21) -> 0.18333333 | T21: {=_xlfn.LET( _xlpm.dist, SQRT(MMULT((Training!$K$2:$R$616 - K21:R21)^2, _xlfn.SEQUENCE(8,1,1,0))), _xlpm.sorted, _xlfn.SORTBY(Training!$I$2:$I$616, _xlpm.dist, 1), _xlfn.MODE.SNGL(INDEX(_xlpm.sorted, {1,2,3})) )} -> 0 | U21: =IF(T21=I21, "COCOK", "TIDAK") -> TIDAK | V21: =IF(AND(T21=1,I21=1),"TP",IF(AND(T21=0,I21=0),"TN",IF(AND(T21=1,I21=0),"FP","FN"))) -> FN
A22: 3 | B22: 126 | C22: 88 | D22: 41 | E22: 235 | F22: 39.3 | G22: 0.704 | H22: 27 | I22: 0 | K22: =(A22-0)/(17-0) -> 0.17647059 | L22: =(B22-0)/(199-0) -> 0.63316583 | M22: =(C22-0)/(122-0) -> 0.72131148 | N22: =(D22-0)/(99-0) -> 0.41414141 | O22: =(E22-0)/(846-0) -> 0.27777778 | P22: =(F22-0)/(67.1-0) -> 0.585693 | Q22: =(G22-0.078)/(2.42-0.078) -> 0.26729291 | R22: =(H22-21)/(81-21) -> 0.1 | T22: {=_xlfn.LET( _xlpm.dist, SQRT(MMULT((Training!$K$2:$R$616 - K22:R22)^2, _xlfn.SEQUENCE(8,1,1,0))), _xlpm.sorted, _xlfn.SORTBY(Training!$I$2:$I$616, _xlpm.dist, 1), _xlfn.MODE.SNGL(INDEX(_xlpm.sorted, {1,2,3})) )} -> 1 | U22: =IF(T22=I22, "COCOK", "TIDAK") -> TIDAK | V22: =IF(AND(T22=1,I22=1),"TP",IF(AND(T22=0,I22=0),"TN",IF(AND(T22=1,I22=0),"FP","FN"))) -> FP
A23: 8 | B23: 99 | C23: 84 | D23: 0 | E23: 0 | F23: 35.4 | G23: 0.388 | H23: 50 | I23: 0 | K23: =(A23-0)/(17-0) -> 0.47058824 | L23: =(B23-0)/(199-0) -> 0.49748744 | M23: =(C23-0)/(122-0) -> 0.68852459 | N23: =(D23-0)/(99-0) -> 0 | O23: =(E23-0)/(846-0) -> 0 | P23: =(F23-0)/(67.1-0) -> 0.52757079 | Q23: =(G23-0.078)/(2.42-0.078) -> 0.1323655 | R23: =(H23-21)/(81-21) -> 0.48333333 | T23: {=_xlfn.LET( _xlpm.dist, SQRT(MMULT((Training!$K$2:$R$616 - K23:R23)^2, _xlfn.SEQUENCE(8,1,1,0))), _xlpm.sorted, _xlfn.SORTBY(Training!$I$2:$I$616, _xlpm.dist, 1), _xlfn.MODE.SNGL(INDEX(_xlpm.sorted, {1,2,3})) )} -> 0 | U23: =IF(T23=I23, "COCOK", "TIDAK") -> COCOK | V23: =IF(AND(T23=1,I23=1),"TP",IF(AND(T23=0,I23=0),"TN",IF(AND(T23=1,I23=0),"FP","FN"))) -> TN
A24: 7 | B24: 196 | C24: 90 | D24: 0 | E24: 0 | F24: 39.8 | G24: 0.451 | H24: 41 | I24: 1 | K24: =(A24-0)/(17-0) -> 0.41176471 | L24: =(B24-0)/(199-0) -> 0.98492462 | M24: =(C24-0)/(122-0) -> 0.73770492 | N24: =(D24-0)/(99-0) -> 0 | O24: =(E24-0)/(846-0) -> 0 | P24: =(F24-0)/(67.1-0) -> 0.59314456 | Q24: =(G24-0.078)/(2.42-0.078) -> 0.15926558 | R24: =(H24-21)/(81-21) -> 0.33333333 | T24: {=_xlfn.LET( _xlpm.dist, SQRT(MMULT((Training!$K$2:$R$616 - K24:R24)^2, _xlfn.SEQUENCE(8,1,1,0))), _xlpm.sorted, _xlfn.SORTBY(Training!$I$2:$I$616, _xlpm.dist, 1), _xlfn.MODE.SNGL(INDEX(_xlpm.sorted, {1,2,3})) )} -> 1 | U24: =IF(T24=I24, "COCOK", "TIDAK") -> COCOK | V24: =IF(AND(T24=1,I24=1),"TP",IF(AND(T24=0,I24=0),"TN",IF(AND(T24=1,I24=0),"FP","FN"))) -> TP
... A154: 9 | B154: 156 | C154: 86 | D154: 28 | E154: 155 | F154: 34.3 | G154: 1.189 | H154: 42 | I154: 1 | K154: =(A154-0)/(17-0) -> 0.52941176 | L154: =(B154-0)/(199-0) -> 0.7839196 | M154: =(C154-0)/(122-0) -> 0.70491803 | N154: =(D154-0)/(99-0) -> 0.28282828 | O154: =(E154-0)/(846-0) -> 0.18321513 | P154: =(F154-0)/(67.1-0) -> 0.51117735 | Q154: =(G154-0.078)/(2.42-0.078) -> 0.47438087 | R154: =(H154-21)/(81-21) -> 0.35 | T154: {=_xlfn.LET( _xlpm.dist, SQRT(MMULT((Training!$K$2:$R$616 - K154:R154)^2, _xlfn.SEQUENCE(8,1,1,0))), _xlpm.sorted, _xlfn.SORTBY(Training!$I$2:$I$616, _xlpm.dist, 1), _xlfn.MODE.SNGL(INDEX(_xlpm.sorted, {1,2,3})) )} -> 1 | U154: =IF(T154=I154, "COCOK", "TIDAK") -> COCOK | V154: =IF(AND(T154=1,I154=1),"TP",IF(AND(T154=0,I154=0),"TN",IF(AND(T154=1,I154=0),"FP","FN"))) -> TP

Sheet Training
A1: Pregnancies | B1: Glucose | C1: BloodPressure | D1: SkinThickness | E1: Insulin | F1: BMI | G1: DiabetesPedigreeFunction | H1: Age | I1: Outcome
A2: 1 | B2: 153 | C2: 82 | D2: 42 | E2: 485 | F2: 40.6 | G2: 0.687 | H2: 23 | I2: 0 | K2: =(A2-0)/(17-0) -> 0.058823529 | L2: =(B2-0)/(199-0) -> 0.76884422 | M2: =(C2-0)/(122-0) -> 0.67213115 | N2: =(D2-0)/(99-0) -> 0.42424242 | O2: =(E2-0)/(846-0) -> 0.57328605 | P2: =(F2-0)/(67.1-0) -> 0.60506706 | Q2: =(G2-0.078)/(2.42-0.078) -> 0.26003416 | R2: =(H2-21)/(81-21) -> 0.033333333
A3: 8 | B3: 188 | C3: 78 | D3: 0 | E3: 0 | F3: 47.9 | G3: 0.137 | H3: 43 | I3: 1 | K3: =(A3-0)/(17-0) -> 0.47058824 | L3: =(B3-0)/(199-0) -> 0.94472362 | M3: =(C3-0)/(122-0) -> 0.63934426 | N3: =(D3-0)/(99-0) -> 0 | O3: =(E3-0)/(846-0) -> 0 | P3: =(F3-0)/(67.1-0) -> 0.71385991 | Q3: =(G3-0.078)/(2.42-0.078) -> 0.025192143 | R3: =(H3-21)/(81-21) -> 0.36666667
A4: 7 | B4: 152 | C4: 88 | D4: 44 | E4: 0 | F4: 50 | G4: 0.337 | H4: 36 | I4: 1 | K4: =(A4-0)/(17-0) -> 0.41176471 | L4: =(B4-0)/(199-0) -> 0.7638191 | M4: =(C4-0)/(122-0) -> 0.72131148 | N4: =(D4-0)/(99-0) -> 0.44444444 | O4: =(E4-0)/(846-0) -> 0 | P4: =(F4-0)/(67.1-0) -> 0.74515648 | Q4: =(G4-0.078)/(2.42-0.078) -> 0.11058924 | R4: =(H4-21)/(81-21) -> 0.25
A5: 2 | B5: 99 | C5: 52 | D5: 15 | E5: 94 | F5: 24.6 | G5: 0.637 | H5: 21 | I5: 0 | K5: =(A5-0)/(17-0) -> 0.11764706 | L5: =(B5-0)/(199-0) -> 0.49748744 | M5: =(C5-0)/(122-0) -> 0.42622951 | N5: =(D5-0)/(99-0) -> 0.15151515 | O5: =(E5-0)/(846-0) -> 0.11111111 | P5: =(F5-0)/(67.1-0) -> 0.36661699 | Q5: =(G5-0.078)/(2.42-0.078) -> 0.23868488 | R5: =(H5-21)/(81-21) -> 0
A6: 1 | B6: 109 | C6: 56 | D6: 21 | E6: 135 | F6: 25.2 | G6: 0.833 | H6: 23 | I6: 0 | K6: =(A6-0)/(17-0) -> 0.058823529 | L6: =(B6-0)/(199-0) -> 0.54773869 | M6: =(C6-0)/(122-0) -> 0.45901639 | N6: =(D6-0)/(99-0) -> 0.21212121 | O6: =(E6-0)/(846-0) -> 0.15957447 | P6: =(F6-0)/(67.1-0) -> 0.37555887 | Q6: =(G6-0.078)/(2.42-0.078) -> 0.32237404 | R6: =(H6-21)/(81-21) -> 0.033333333
A7: 2 | B7: 88 | C7: 74 | D7: 19 | E7: 53 | F7: 29 | G7: 0.229 | H7: 22 | I7: 0 | K7: =(A7-0)/(17-0) -> 0.11764706 | L7: =(B7-0)/(199-0) -> 0.44221106 | M7: =(C7-0)/(122-0) -> 0.60655738 | N7: =(D7-0)/(99-0) -> 0.19191919 | O7: =(E7-0)/(846-0) -> 0.062647754 | P7: =(F7-0)/(67.1-0) -> 0.43219076 | Q7: =(G7-0.078)/(2.42-0.078) -> 0.064474808 | R7: =(H7-21)/(81-21) -> 0.016666667
A8: 17 | B8: 163 | C8: 72 | D8: 41 | E8: 114 | F8: 40.9 | G8: 0.817 | H8: 47 | I8: 1 | K8: =(A8-0)/(17-0) -> 1 | L8: =(B8-0)/(199-0) -> 0.81909548 | M8: =(C8-0)/(122-0) -> 0.59016393 | N8: =(D8-0)/(99-0) -> 0.41414141 | O8: =(E8-0)/(846-0) -> 0.13475177 | P8: =(F8-0)/(67.1-0) -> 0.609538 | Q8: =(G8-0.078)/(2.42-0.078) -> 0.31554227 | R8: =(H8-21)/(81-21) -> 0.43333333
A9: 4 | B9: 151 | C9: 90 | D9: 38 | E9: 0 | F9: 29.7 | G9: 0.294 | H9: 36 | I9: 0 | K9: =(A9-0)/(17-0) -> 0.23529412 | L9: =(B9-0)/(199-0) -> 0.75879397 | M9: =(C9-0)/(122-0) -> 0.73770492 | N9: =(D9-0)/(99-0) -> 0.38383838 | O9: =(E9-0)/(846-0) -> 0 | P9: =(F9-0)/(67.1-0) -> 0.44262295 | Q9: =(G9-0.078)/(2.42-0.078) -> 0.092228864 | R9: =(H9-21)/(81-21) -> 0.25
A10: 7 | B10: 102 | C10: 74 | D10: 40 | E10: 105 | F10: 37.2 | G10: 0.204 | H10: 45 | I10: 0 | K10: =(A10-0)/(17-0) -> 0.41176471 | L10: =(B10-0)/(199-0) -> 0.51256281 | M10: =(C10-0)/(122-0) -> 0.60655738 | N10: =(D10-0)/(99-0) -> 0.4040404 | O10: =(E10-0)/(846-0) -> 0.12411348 | P10: =(F10-0)/(67.1-0) -> 0.55439642 | Q10: =(G10-0.078)/(2.42-0.078) -> 0.053800171 | R10: =(H10-21)/(81-21) -> 0.4
A11: 0 | B11: 114 | C11: 80 | D11: 34 | E11: 285 | F11: 44.2 | G11: 0.167 | H11: 27 | I11: 0 | K11: =(A11-0)/(17-0) -> 0 | L11: =(B11-0)/(199-0) -> 0.57286432 | M11: =(C11-0)/(122-0) -> 0.6557377 | N11: =(D11-0)/(99-0) -> 0.34343434 | O11: =(E11-0)/(846-0) -> 0.33687943 | P11: =(F11-0)/(67.1-0) -> 0.65871833 | Q11: =(G11-0.078)/(2.42-0.078) -> 0.038001708 | R11: =(H11-21)/(81-21) -> 0.1
A12: 2 | B12: 100 | C12: 64 | D12: 23 | E12: 0 | F12: 29.7 | G12: 0.368 | H12: 21 | I12: 0 | K12: =(A12-0)/(17-0) -> 0.11764706 | L12: =(B12-0)/(199-0) -> 0.50251256 | M12: =(C12-0)/(122-0) -> 0.52459016 | N12: =(D12-0)/(99-0) -> 0.23232323 | O12: =(E12-0)/(846-0) -> 0 | P12: =(F12-0)/(67.1-0) -> 0.44262295 | Q12: =(G12-0.078)/(2.42-0.078) -> 0.12382579 | R12: =(H12-21)/(81-21) -> 0
A13: 0 | B13: 131 | C13: 88 | D13: 0 | E13: 0 | F13: 31.6 | G13: 0.743 | H13: 32 | I13: 1 | K13: =(A13-0)/(17-0) -> 0 | L13: =(B13-0)/(199-0) -> 0.65829146 | M13: =(C13-0)/(122-0) -> 0.72131148 | N13: =(D13-0)/(99-0) -> 0 | O13: =(E13-0)/(846-0) -> 0 | P13: =(F13-0)/(67.1-0) -> 0.4709389 | Q13: =(G13-0.078)/(2.42-0.078) -> 0.28394535 | R13: =(H13-21)/(81-21) -> 0.18333333
... A616: 1 | B616: 93 | C616: 70 | D616: 31 | E616: 0 | F616: 30.4 | G616: 0.315 | H616: 23 | I616: 0 | K616: =(A616-0)/(17-0) -> 0.058823529 | L616: =(B616-0)/(199-0) -> 0.46733668 | M616: =(C616-0)/(122-0) -> 0.57377049 | N616: =(D616-0)/(99-0) -> 0.31313131 | O616: =(E616-0)/(846-0) -> 0 | P616: =(F616-0)/(67.1-0) -> 0.45305514 | Q616: =(G616-0.078)/(2.42-0.078) -> 0.10119556 | R616: =(H616-21)/(81-21) -> 0.033333333
